{"val_loss": 0.5944610834121704, "val_acc": 0.6754115223884583, "epoch": 0, "trainer/global_step": 8, "_timestamp": 1653388644, "_runtime": 103, "_step": 0}