{"val_loss": 0.6923008561134338, "val_acc": 0.5681818127632141, "epoch": 1, "trainer/global_step": 1, "_timestamp": 1653547607, "_runtime": 501, "_step": 1, "_wandb": {"runtime": 667}}