{"val_loss": 0.6022993326187134, "val_acc": 0.6548354029655457, "epoch": 0, "trainer/global_step": 8, "_timestamp": 1653388336, "_runtime": 98, "_step": 0}