{"val_loss": 0.597197413444519, "val_acc": 0.6628086566925049, "epoch": 0, "trainer/global_step": 8, "_timestamp": 1653388772, "_runtime": 97, "_step": 0}